base,cfgIH,cfgIHM,cfgIHVM,cfgIHVMC
1467.8436,1491.6610138889,1496.4693472222,1504.1193472222,1504.6157472222
