base,cfgIHM,cfgIHVM,cortexM4
1,0.5103841293,0.3283697901,0.5266893115
1,0.5250215217,0.4796802039,0.8036435478
1,0.6513869164,0.5458579784,1.1829792719
1,0.57693082,0.4482844239,0.753432358
1,0.9369188421,0.9168863673,1.1837177726

